code,name,joshi_class,tier_from_catalog,tier_by_stated_rule,joshi_class_lang2tax_file,joshi_catalog_vs_file,cc_share_percent,cc_crawl_id,cc_cld2_code,cc_pages,cc_share_percent_prior_crawl,cc_prior_crawl_id,cc_band_deng2024,wikipedia_articles,wikipedia_read_utc,wikipedia_depth,wikipedia_articles_meta_list,source_notes
en,English,5,high,high,5,yes,41.861972,CC-MAIN-2026-39,eng,908943016,43.933794,CC-MAIN-2025-13,high,7248205,2026-10-05T14:20:39+00:00,1377,7248206,"CC: CLD2 code eng, share of all pages in the crawl (unknown-language pages stay in the denominator). Wikipedia: en.wikipedia.org articles via siteinfo API, cross-checked against Meta List of Wikipedias."
es,Spanish,5,high,high,5,yes,4.744773,CC-MAIN-2026-39,spa,103022577,4.442601,CC-MAIN-2025-13,high,2141277,2026-10-05T14:20:40+00:00,190,2141238,"CC: CLD2 code spa, share of all pages in the crawl (unknown-language pages stay in the denominator). Wikipedia: es.wikipedia.org articles via siteinfo API, cross-checked against Meta List of Wikipedias."
hi,Hindi,4,high,high,4,yes,0.214654,CC-MAIN-2026-39,hin,4660746,0.202697,CC-MAIN-2025-13,medium,171871,2026-10-05T14:20:41+00:00,239,171871,"CC: CLD2 code hin, share of all pages in the crawl (unknown-language pages stay in the denominator). Wikipedia: hi.wikipedia.org articles via siteinfo API, cross-checked against Meta List of Wikipedias. Joshi class 4 but a modest share of Common Crawl pages: the two measures disagree."
gu,Gujarati,1,low,low,1,yes,0.012005,CC-MAIN-2026-39,guj,260656,0.012508,CC-MAIN-2025-13,low,30930,2026-10-05T14:20:42+00:00,77,30930,"CC: CLD2 code guj, share of all pages in the crawl (unknown-language pages stay in the denominator). Wikipedia: gu.wikipedia.org articles via siteinfo API, cross-checked against Meta List of Wikipedias. Catalog says Joshi 4, but lang2tax.txt lists Gujarati as class 1."
zh,Chinese,5,high,high,5,yes,4.225481,CC-MAIN-2026-39,zho,91747269,5.413526,CC-MAIN-2025-13,high,1559314,2026-10-05T14:20:43+00:00,220,1559298,"CC: CLD2 code zho, share of all pages in the crawl (unknown-language pages stay in the denominator). Wikipedia: zh.wikipedia.org articles via siteinfo API, cross-checked against Meta List of Wikipedias. CC: zho (CLD2 has a single Chinese code here). Wikipedia: zh edition mixes Simplified and Traditional. Joshi name used: Mandarin."
tl,Tagalog,3,mid,mid,3,yes,0.012142,CC-MAIN-2026-39,tgl,263645,0.008716,CC-MAIN-2025-13,low,49954,2026-10-05T14:20:44+00:00,143,49947,"CC: CLD2 code tgl, share of all pages in the crawl (unknown-language pages stay in the denominator). Wikipedia: tl.wikipedia.org articles via siteinfo API, cross-checked against Meta List of Wikipedias."
vi,Vietnamese,4,high,high,4,yes,0.992741,CC-MAIN-2026-39,vie,21555253,1.049828,CC-MAIN-2025-13,medium,1304868,2026-10-05T14:20:45+00:00,104,1304867,"CC: CLD2 code vie, share of all pages in the crawl (unknown-language pages stay in the denominator). Wikipedia: vi.wikipedia.org articles via siteinfo API, cross-checked against Meta List of Wikipedias."
ar,Arabic,5,high,high,5,yes,0.667886,CC-MAIN-2026-39,ara,14501723,0.683695,CC-MAIN-2025-13,medium,1334581,2026-10-05T14:20:46+00:00,290,1334577,"CC: CLD2 code ara, share of all pages in the crawl (unknown-language pages stay in the denominator). Wikipedia: ar.wikipedia.org articles via siteinfo API, cross-checked against Meta List of Wikipedias. Joshi class 5 but a modest share of Common Crawl pages: the two measures disagree. CLD2 ara is not split by dialect."
ko,Korean,4,high,high,4,yes,0.839596,CC-MAIN-2026-39,kor,18230033,0.802774,CC-MAIN-2025-13,medium,767324,2026-10-05T14:20:46+00:00,162,767314,"CC: CLD2 code kor, share of all pages in the crawl (unknown-language pages stay in the denominator). Wikipedia: ko.wikipedia.org articles via siteinfo API, cross-checked against Meta List of Wikipedias."
fr,French,5,high,high,5,yes,4.676856,CC-MAIN-2026-39,fra,101547910,4.226868,CC-MAIN-2025-13,high,2783095,2026-10-05T14:20:47+00:00,282,2783071,"CC: CLD2 code fra, share of all pages in the crawl (unknown-language pages stay in the denominator). Wikipedia: fr.wikipedia.org articles via siteinfo API, cross-checked against Meta List of Wikipedias."
ru,Russian,4,high,high,4,yes,6.695409,CC-MAIN-2026-39,rus,145376466,5.929389,CC-MAIN-2025-13,high,2120833,2026-10-05T14:20:48+00:00,166,2120818,"CC: CLD2 code rus, share of all pages in the crawl (unknown-language pages stay in the denominator). Wikipedia: ru.wikipedia.org articles via siteinfo API, cross-checked against Meta List of Wikipedias."
pt,Portuguese,4,high,high,4,yes,2.489913,CC-MAIN-2026-39,por,54063116,2.367919,CC-MAIN-2025-13,high,1183833,2026-10-05T14:20:49+00:00,210,1183827,"CC: CLD2 code por, share of all pages in the crawl (unknown-language pages stay in the denominator). Wikipedia: pt.wikipedia.org articles via siteinfo API, cross-checked against Meta List of Wikipedias."
de,German,5,high,high,5,yes,5.725157,CC-MAIN-2026-39,deu,124309513,5.115373,CC-MAIN-2025-13,high,3156205,2026-10-05T14:20:49+00:00,93,3156177,"CC: CLD2 code deu, share of all pages in the crawl (unknown-language pages stay in the denominator). Wikipedia: de.wikipedia.org articles via siteinfo API, cross-checked against Meta List of Wikipedias."
it,Italian,4,high,high,4,yes,2.462173,CC-MAIN-2026-39,ita,53460803,2.418138,CC-MAIN-2025-13,high,1989587,2026-10-05T14:20:50+00:00,209,1989576,"CC: CLD2 code ita, share of all pages in the crawl (unknown-language pages stay in the denominator). Wikipedia: it.wikipedia.org articles via siteinfo API, cross-checked against Meta List of Wikipedias."
ja,Japanese,5,high,high,5,yes,5.166835,CC-MAIN-2026-39,jpn,112186745,4.862440,CC-MAIN-2025-13,high,1521439,2026-10-05T14:20:51+00:00,92,1521422,"CC: CLD2 code jpn, share of all pages in the crawl (unknown-language pages stay in the denominator). Wikipedia: ja.wikipedia.org articles via siteinfo API, cross-checked against Meta List of Wikipedias."
pl,Polish,4,high,high,4,yes,2.032928,CC-MAIN-2026-39,pol,44140668,1.692276,CC-MAIN-2025-13,high,1710164,2026-10-05T14:20:52+00:00,38,1710157,"CC: CLD2 code pol, share of all pages in the crawl (unknown-language pages stay in the denominator). Wikipedia: pl.wikipedia.org articles via siteinfo API, cross-checked against Meta List of Wikipedias."
tr,Turkish,4,high,high,4,yes,1.277711,CC-MAIN-2026-39,tur,27742759,1.140459,CC-MAIN-2025-13,high,701898,2026-10-05T14:20:54+00:00,168,701893,"CC: CLD2 code tur, share of all pages in the crawl (unknown-language pages stay in the denominator). Wikipedia: tr.wikipedia.org articles via siteinfo API, cross-checked against Meta List of Wikipedias."
id,Indonesian,3,mid,mid,3,yes,1.094453,CC-MAIN-2026-39,ind,23763706,1.200889,CC-MAIN-2025-13,high,799284,2026-10-05T14:20:54+00:00,133,799263,"CC: CLD2 code ind, share of all pages in the crawl (unknown-language pages stay in the denominator). Wikipedia: id.wikipedia.org articles via siteinfo API, cross-checked against Meta List of Wikipedias. CC: ind (Indonesian); Malay (msa) is a separate code."
uk,Ukrainian,3,mid,mid,3,yes,0.813775,CC-MAIN-2026-39,ukr,17669387,0.623982,CC-MAIN-2025-13,medium,1436726,2026-10-05T14:20:55+00:00,68,1436716,"CC: CLD2 code ukr, share of all pages in the crawl (unknown-language pages stay in the denominator). Wikipedia: uk.wikipedia.org articles via siteinfo API, cross-checked against Meta List of Wikipedias."
el,Greek,3,mid,mid,3,yes,0.519048,CC-MAIN-2026-39,ell,11270011,0.590162,CC-MAIN-2025-13,medium,273611,2026-10-05T14:20:56+00:00,49,273611,"CC: CLD2 code ell, share of all pages in the crawl (unknown-language pages stay in the denominator). Wikipedia: el.wikipedia.org articles via siteinfo API, cross-checked against Meta List of Wikipedias."
nl,Dutch,4,high,high,4,yes,1.738140,CC-MAIN-2026-39,nld,37739975,1.798172,CC-MAIN-2025-13,high,2228526,2026-10-05T14:20:57+00:00,20,2228516,"CC: CLD2 code nld, share of all pages in the crawl (unknown-language pages stay in the denominator). Wikipedia: nl.wikipedia.org articles via siteinfo API, cross-checked against Meta List of Wikipedias."
sv,Swedish,4,high,high,4,yes,0.719610,CC-MAIN-2026-39,swe,15624791,0.662061,CC-MAIN-2025-13,medium,2628404,2026-10-05T14:20:57+00:00,19,2628398,"CC: CLD2 code swe, share of all pages in the crawl (unknown-language pages stay in the denominator). Wikipedia: sv.wikipedia.org articles via siteinfo API, cross-checked against Meta List of Wikipedias. Wikipedia article count is high relative to Meta list depth (19), the same direction as ceb but much milder."
no,Norwegian,1,low,low,1,yes,0.335752,CC-MAIN-2026-39,nor,7290141,0.311903,CC-MAIN-2025-13,medium,691974,2026-10-05T14:20:58+00:00,40,691967,"CC: CLD2 code nor, share of all pages in the crawl (unknown-language pages stay in the denominator). Wikipedia: no.wikipedia.org articles via siteinfo API, cross-checked against Meta List of Wikipedias. CC: CLD2 code nor (Norwegian); nno (Nynorsk) is a separate code at about 0.014 percent in 2026-39 and is not added. Wikipedia: no.wikipedia.org is Bokmal; nn is a separate edition not counted. Catalog says Joshi 4, but lang2tax.txt lists both Norwegian (Bokmal) and Norwegian (Nynorsk) as class 1."
da,Danish,3,mid,mid,3,yes,0.523323,CC-MAIN-2026-39,dan,11362832,0.462992,CC-MAIN-2025-13,medium,316218,2026-10-05T14:20:59+00:00,56,316215,"CC: CLD2 code dan, share of all pages in the crawl (unknown-language pages stay in the denominator). Wikipedia: da.wikipedia.org articles via siteinfo API, cross-checked against Meta List of Wikipedias."
fi,Finnish,4,high,high,4,yes,0.372273,CC-MAIN-2026-39,fin,8083103,0.361562,CC-MAIN-2025-13,medium,626341,2026-10-05T14:21:00+00:00,36,626341,"CC: CLD2 code fin, share of all pages in the crawl (unknown-language pages stay in the denominator). Wikipedia: fi.wikipedia.org articles via siteinfo API, cross-checked against Meta List of Wikipedias."
cs,Czech,4,high,high,4,yes,1.127653,CC-MAIN-2026-39,ces,24484564,1.038043,CC-MAIN-2025-13,high,599370,2026-10-05T14:21:01+00:00,49,599368,"CC: CLD2 code ces, share of all pages in the crawl (unknown-language pages stay in the denominator). Wikipedia: cs.wikipedia.org articles via siteinfo API, cross-checked against Meta List of Wikipedias."
sk,Slovak,3,mid,mid,3,yes,0.395059,CC-MAIN-2026-39,slk,8577869,0.368358,CC-MAIN-2025-13,medium,261616,2026-10-05T14:21:02+00:00,24,261616,"CC: CLD2 code slk, share of all pages in the crawl (unknown-language pages stay in the denominator). Wikipedia: sk.wikipedia.org articles via siteinfo API, cross-checked against Meta List of Wikipedias."
hu,Hungarian,4,high,high,4,yes,0.525278,CC-MAIN-2026-39,hun,11405280,0.499047,CC-MAIN-2025-13,medium,574933,2026-10-05T14:21:03+00:00,60,574925,"CC: CLD2 code hun, share of all pages in the crawl (unknown-language pages stay in the denominator). Wikipedia: hu.wikipedia.org articles via siteinfo API, cross-checked against Meta List of Wikipedias."
ro,Romanian,3,mid,mid,3,yes,0.572995,CC-MAIN-2026-39,ron,12441363,0.652189,CC-MAIN-2025-13,medium,549605,2026-10-05T14:21:03+00:00,123,549613,"CC: CLD2 code ron, share of all pages in the crawl (unknown-language pages stay in the denominator). Wikipedia: ro.wikipedia.org articles via siteinfo API, cross-checked against Meta List of Wikipedias."
bg,Bulgarian,3,mid,mid,3,yes,0.311888,CC-MAIN-2026-39,bul,6771985,0.302699,CC-MAIN-2025-13,medium,312402,2026-10-05T14:21:04+00:00,29,312403,"CC: CLD2 code bul, share of all pages in the crawl (unknown-language pages stay in the denominator). Wikipedia: bg.wikipedia.org articles via siteinfo API, cross-checked against Meta List of Wikipedias."
hr,Croatian,4,high,high,4,yes,0.212437,CC-MAIN-2026-39,hrv,4612623,0.229456,CC-MAIN-2025-13,medium,235765,2026-10-05T14:21:05+00:00,20,235765,"CC: CLD2 code hrv, share of all pages in the crawl (unknown-language pages stay in the denominator). Wikipedia: hr.wikipedia.org articles via siteinfo API, cross-checked against Meta List of Wikipedias. CC: CLD2 reports Croatian (hrv), Serbian (srp) and Bosnian (bos) separately, so hr and sr shares are not cleanly comparable."
sr,Serbian,4,high,high,4,yes,0.257666,CC-MAIN-2026-39,srp,5594663,0.215661,CC-MAIN-2025-13,medium,709403,2026-10-05T14:21:06+00:00,178,709399,"CC: CLD2 code srp, share of all pages in the crawl (unknown-language pages stay in the denominator). Wikipedia: sr.wikipedia.org articles via siteinfo API, cross-checked against Meta List of Wikipedias. CC: CLD2 reports Serbian (srp), Croatian (hrv) and Bosnian (bos) as separate codes for close relatives, so sr and hr shares are not cleanly comparable. Wikipedia: sr edition is written in both Cyrillic and Latin."
sl,Slovenian,3,mid,mid,3,ambiguous (catalog value present),0.152279,CC-MAIN-2026-39,slv,3306408,0.155179,CC-MAIN-2025-13,medium,199187,2026-10-05T14:21:07+00:00,32,199187,"CC: CLD2 code slv, share of all pages in the crawl (unknown-language pages stay in the denominator). Wikipedia: sl.wikipedia.org articles via siteinfo API, cross-checked against Meta List of Wikipedias."
lt,Lithuanian,3,mid,mid,3,yes,0.169971,CC-MAIN-2026-39,lit,3690556,0.165946,CC-MAIN-2025-13,medium,226848,2026-10-05T14:21:08+00:00,31,226848,"CC: CLD2 code lit, share of all pages in the crawl (unknown-language pages stay in the denominator). Wikipedia: lt.wikipedia.org articles via siteinfo API, cross-checked against Meta List of Wikipedias."
lv,Latvian,3,mid,mid,3,yes,0.088630,CC-MAIN-2026-39,lav,1924419,0.085386,CC-MAIN-2025-13,low,146277,2026-10-05T14:21:09+00:00,68,146277,"CC: CLD2 code lav, share of all pages in the crawl (unknown-language pages stay in the denominator). Wikipedia: lv.wikipedia.org articles via siteinfo API, cross-checked against Meta List of Wikipedias."
et,Estonian,3,mid,mid,3,yes,0.144684,CC-MAIN-2026-39,est,3141493,0.130825,CC-MAIN-2025-13,medium,262303,2026-10-05T14:21:09+00:00,21,262300,"CC: CLD2 code est, share of all pages in the crawl (unknown-language pages stay in the denominator). Wikipedia: et.wikipedia.org articles via siteinfo API, cross-checked against Meta List of Wikipedias."
mk,Macedonian,1,low,low,1,yes,0.039398,CC-MAIN-2026-39,mkd,855445,0.038721,CC-MAIN-2025-13,low,165143,2026-10-05T14:21:10+00:00,67,165156,"CC: CLD2 code mkd, share of all pages in the crawl (unknown-language pages stay in the denominator). Wikipedia: mk.wikipedia.org articles via siteinfo API, cross-checked against Meta List of Wikipedias."
sq,Albanian,1,low,low,1,yes,0.048128,CC-MAIN-2026-39,sqi,1044996,0.049246,CC-MAIN-2025-13,low,106393,2026-10-05T14:21:11+00:00,40,106393,"CC: CLD2 code sqi, share of all pages in the crawl (unknown-language pages stay in the denominator). Wikipedia: sq.wikipedia.org articles via siteinfo API, cross-checked against Meta List of Wikipedias."
is,Icelandic,2,low,low,2,yes,0.035140,CC-MAIN-2026-39,isl,762988,0.038848,CC-MAIN-2025-13,low,60531,2026-10-05T14:21:12+00:00,33,60530,"CC: CLD2 code isl, share of all pages in the crawl (unknown-language pages stay in the denominator). Wikipedia: is.wikipedia.org articles via siteinfo API, cross-checked against Meta List of Wikipedias."
ga,Irish,2,low,low,2,yes,0.007148,CC-MAIN-2026-39,gle,155193,0.007353,CC-MAIN-2025-13,low,64443,2026-10-05T14:21:13+00:00,7,64443,"CC: CLD2 code gle, share of all pages in the crawl (unknown-language pages stay in the denominator). Wikipedia: ga.wikipedia.org articles via siteinfo API, cross-checked against Meta List of Wikipedias."
cy,Welsh,1,low,low,1,yes,0.011551,CC-MAIN-2026-39,cym,250795,0.011961,CC-MAIN-2025-13,low,284720,2026-10-05T14:21:14+00:00,25,284720,"CC: CLD2 code cym, share of all pages in the crawl (unknown-language pages stay in the denominator). Wikipedia: cy.wikipedia.org articles via siteinfo API, cross-checked against Meta List of Wikipedias."
eu,Basque,4,high,high,4,yes,0.038302,CC-MAIN-2026-39,eus,831640,0.032816,CC-MAIN-2025-13,low,497309,2026-10-05T14:21:15+00:00,15,497306,"CC: CLD2 code eus, share of all pages in the crawl (unknown-language pages stay in the denominator). Wikipedia: eu.wikipedia.org articles via siteinfo API, cross-checked against Meta List of Wikipedias."
ca,Catalan,4,high,high,4,yes,0.197578,CC-MAIN-2026-39,cat,4289983,0.176659,CC-MAIN-2025-13,medium,805155,2026-10-05T14:21:16+00:00,43,805149,"CC: CLD2 code cat, share of all pages in the crawl (unknown-language pages stay in the denominator). Wikipedia: ca.wikipedia.org articles via siteinfo API, cross-checked against Meta List of Wikipedias."
gl,Galician,3,mid,mid,3,yes,0.031475,CC-MAIN-2026-39,glg,683419,0.030488,CC-MAIN-2025-13,low,235567,2026-10-05T14:21:17+00:00,47,235566,"CC: CLD2 code glg, share of all pages in the crawl (unknown-language pages stay in the denominator). Wikipedia: gl.wikipedia.org articles via siteinfo API, cross-checked against Meta List of Wikipedias."
he,Hebrew,3,mid,mid,3,yes,0.256743,CC-MAIN-2026-39,heb,5574614,0.257114,CC-MAIN-2025-13,medium,406168,2026-10-05T14:21:17+00:00,260,406163,"CC: CLD2 code heb, share of all pages in the crawl (unknown-language pages stay in the denominator). Wikipedia: he.wikipedia.org articles via siteinfo API, cross-checked against Meta List of Wikipedias."
fa,Persian,4,high,high,4,yes,0.693409,CC-MAIN-2026-39,fas,15055885,0.734961,CC-MAIN-2025-13,medium,1096305,2026-10-05T14:21:18+00:00,153,1096301,"CC: CLD2 code fas, share of all pages in the crawl (unknown-language pages stay in the denominator). Wikipedia: fa.wikipedia.org articles via siteinfo API, cross-checked against Meta List of Wikipedias."
ps,Pashto,1,low,low,1,yes,0.004453,CC-MAIN-2026-39,pus,96683,0.004132,CC-MAIN-2025-13,low,21350,2026-10-05T14:21:19+00:00,32,21350,"CC: CLD2 code pus, share of all pages in the crawl (unknown-language pages stay in the denominator). Wikipedia: ps.wikipedia.org articles via siteinfo API, cross-checked against Meta List of Wikipedias. Catalog says Joshi 2, but lang2tax.txt lists Pashto as class 1 (both are low tier, so tier is unchanged)."
az,Azerbaijani,1,low,low,1,yes,0.060935,CC-MAIN-2026-39,aze,1323068,0.061212,CC-MAIN-2025-13,low,217903,2026-10-05T14:21:20+00:00,62,217896,"CC: CLD2 code aze, share of all pages in the crawl (unknown-language pages stay in the denominator). Wikipedia: az.wikipedia.org articles via siteinfo API, cross-checked against Meta List of Wikipedias."
kk,Kazakh,3,mid,mid,3,yes,0.042774,CC-MAIN-2026-39,kaz,928739,0.031761,CC-MAIN-2025-13,low,245498,2026-10-05T14:21:20+00:00,16,245497,"CC: CLD2 code kaz, share of all pages in the crawl (unknown-language pages stay in the denominator). Wikipedia: kk.wikipedia.org articles via siteinfo API, cross-checked against Meta List of Wikipedias."
uz,Uzbek,3,mid,mid,3,yes,0.031075,CC-MAIN-2026-39,uzb,674729,0.022838,CC-MAIN-2025-13,low,366764,2026-10-05T14:21:21+00:00,31,366763,"CC: CLD2 code uzb, share of all pages in the crawl (unknown-language pages stay in the denominator). Wikipedia: uz.wikipedia.org articles via siteinfo API, cross-checked against Meta List of Wikipedias."
ky,Kyrgyz,1,low,low,1,yes,0.009855,CC-MAIN-2026-39,kir,213987,0.011106,CC-MAIN-2025-13,low,76554,2026-10-05T14:21:22+00:00,2,76554,"CC: CLD2 code kir, share of all pages in the crawl (unknown-language pages stay in the denominator). Wikipedia: ky.wikipedia.org articles via siteinfo API, cross-checked against Meta List of Wikipedias. Catalog says Joshi 4, but lang2tax.txt lists Kirghiz as class 1. The catalog docstring calls this a Joshi anomaly; against the file it is a transcription difference."
tg,Tajik,1,low,low,1,yes,0.006459,CC-MAIN-2026-39,tgk,140249,0.006869,CC-MAIN-2025-13,low,119088,2026-10-05T14:21:23+00:00,10,119088,"CC: CLD2 code tgk, share of all pages in the crawl (unknown-language pages stay in the denominator). Wikipedia: tg.wikipedia.org articles via siteinfo API, cross-checked against Meta List of Wikipedias."
mn,Mongolian,1,low,low,1,yes,0.015877,CC-MAIN-2026-39,mon,344736,0.015286,CC-MAIN-2025-13,low,28403,2026-10-05T14:21:24+00:00,71,28401,"CC: CLD2 code mon, share of all pages in the crawl (unknown-language pages stay in the denominator). Wikipedia: mn.wikipedia.org articles via siteinfo API, cross-checked against Meta List of Wikipedias."
ka,Georgian,3,mid,mid,3,yes,0.045689,CC-MAIN-2026-39,kat,992037,0.044352,CC-MAIN-2025-13,low,199766,2026-10-05T14:21:25+00:00,65,199756,"CC: CLD2 code kat, share of all pages in the crawl (unknown-language pages stay in the denominator). Wikipedia: ka.wikipedia.org articles via siteinfo API, cross-checked against Meta List of Wikipedias."
hy,Armenian,1,low,low,1,yes,0.031472,CC-MAIN-2026-39,hye,683355,0.032821,CC-MAIN-2025-13,low,332067,2026-10-05T14:21:26+00:00,63,332064,"CC: CLD2 code hye, share of all pages in the crawl (unknown-language pages stay in the denominator). Wikipedia: hy.wikipedia.org articles via siteinfo API, cross-checked against Meta List of Wikipedias."
bn,Bengali,3,mid,mid,3,yes,0.109960,CC-MAIN-2026-39,ben,2387546,0.110670,CC-MAIN-2025-13,medium,191832,2026-10-05T14:21:26+00:00,267,191831,"CC: CLD2 code ben, share of all pages in the crawl (unknown-language pages stay in the denominator). Wikipedia: bn.wikipedia.org articles via siteinfo API, cross-checked against Meta List of Wikipedias."
ur,Urdu,3,mid,mid,3,yes,0.030788,CC-MAIN-2026-39,urd,668496,0.030003,CC-MAIN-2025-13,low,704652,2026-10-05T14:21:27+00:00,44,704646,"CC: CLD2 code urd, share of all pages in the crawl (unknown-language pages stay in the denominator). Wikipedia: ur.wikipedia.org articles via siteinfo API, cross-checked against Meta List of Wikipedias."
pa,Punjabi,2,low,low,2,yes,0.009144,CC-MAIN-2026-39,pan,198537,0.006753,CC-MAIN-2025-13,low,59739,2026-10-05T14:21:28+00:00,21,59739,"CC: CLD2 code pan, share of all pages in the crawl (unknown-language pages stay in the denominator). Wikipedia: pa.wikipedia.org articles via siteinfo API, cross-checked against Meta List of Wikipedias. Joshi lists Eastern Punjabi and Western Punjabi (both class 2); CLD2 code pan; Wikipedia pa edition is Gurmukhi script."
ta,Tamil,3,mid,mid,3,yes,0.044855,CC-MAIN-2026-39,tam,973924,0.043703,CC-MAIN-2025-13,low,190938,2026-10-05T14:21:28+00:00,39,190933,"CC: CLD2 code tam, share of all pages in the crawl (unknown-language pages stay in the denominator). Wikipedia: ta.wikipedia.org articles via siteinfo API, cross-checked against Meta List of Wikipedias."
te,Telugu,1,low,low,1,yes,0.019122,CC-MAIN-2026-39,tel,415195,0.019464,CC-MAIN-2025-13,low,129496,2026-10-05T14:21:29+00:00,60,129495,"CC: CLD2 code tel, share of all pages in the crawl (unknown-language pages stay in the denominator). Wikipedia: te.wikipedia.org articles via siteinfo API, cross-checked against Meta List of Wikipedias."
mr,Marathi,2,low,low,2,yes,0.026423,CC-MAIN-2026-39,mar,573717,0.028979,CC-MAIN-2025-13,low,103226,2026-10-05T14:21:30+00:00,41,103225,"CC: CLD2 code mar, share of all pages in the crawl (unknown-language pages stay in the denominator). Wikipedia: mr.wikipedia.org articles via siteinfo API, cross-checked against Meta List of Wikipedias."
kn,Kannada,1,low,low,1,yes,0.014542,CC-MAIN-2026-39,kan,315755,0.013824,CC-MAIN-2025-13,low,34671,2026-10-05T14:21:31+00:00,124,34671,"CC: CLD2 code kan, share of all pages in the crawl (unknown-language pages stay in the denominator). Wikipedia: kn.wikipedia.org articles via siteinfo API, cross-checked against Meta List of Wikipedias."
ml,Malayalam,1,low,low,1,yes,0.022037,CC-MAIN-2026-39,mal,478476,0.025299,CC-MAIN-2025-13,low,89096,2026-10-05T14:21:32+00:00,218,89095,"CC: CLD2 code mal, share of all pages in the crawl (unknown-language pages stay in the denominator). Wikipedia: ml.wikipedia.org articles via siteinfo API, cross-checked against Meta List of Wikipedias."
or,Odia,1,low,low,1,yes,0.006619,CC-MAIN-2026-39,ori,143710,0.006119,CC-MAIN-2025-13,low,21119,2026-10-05T14:21:33+00:00,68,21119,"CC: CLD2 code ori, share of all pages in the crawl (unknown-language pages stay in the denominator). Wikipedia: or.wikipedia.org articles via siteinfo API, cross-checked against Meta List of Wikipedias."
ne,Nepali,1,low,low,1,yes,0.053418,CC-MAIN-2026-39,nep,1159864,0.055330,CC-MAIN-2025-13,low,30052,2026-10-05T14:21:34+00:00,96,30052,"CC: CLD2 code nep, share of all pages in the crawl (unknown-language pages stay in the denominator). Wikipedia: ne.wikipedia.org articles via siteinfo API, cross-checked against Meta List of Wikipedias."
si,Sinhala,1,low,low,0/1,ambiguous (catalog value present),0.008466,CC-MAIN-2026-39,sin,183831,0.009247,CC-MAIN-2025-13,low,25737,2026-10-05T14:21:35+00:00,156,25737,"CC: CLD2 code sin, share of all pages in the crawl (unknown-language pages stay in the denominator). Wikipedia: si.wikipedia.org articles via siteinfo API, cross-checked against Meta List of Wikipedias. lang2tax.txt has both Sinhalese (1) and Sinhala (0); catalog uses 1. Tier is low either way."
th,Thai,3,mid,mid,3,yes,0.357703,CC-MAIN-2026-39,tha,7766752,0.453276,CC-MAIN-2025-13,medium,188528,2026-10-05T14:21:36+00:00,321,188523,"CC: CLD2 code tha, share of all pages in the crawl (unknown-language pages stay in the denominator). Wikipedia: th.wikipedia.org articles via siteinfo API, cross-checked against Meta List of Wikipedias."
ms,Malay,3,mid,mid,3,yes,0.085541,CC-MAIN-2026-39,msa,1857347,0.077422,CC-MAIN-2025-13,low,444247,2026-10-05T14:21:37+00:00,16,444246,"CC: CLD2 code msa, share of all pages in the crawl (unknown-language pages stay in the denominator). Wikipedia: ms.wikipedia.org articles via siteinfo API, cross-checked against Meta List of Wikipedias. CC: msa (Malay); Indonesian (ind) is a separate code and far larger."
km,Khmer,1,low,low,1,yes,0.010679,CC-MAIN-2026-39,khm,231875,0.010593,CC-MAIN-2025-13,low,12887,2026-10-05T14:21:37+00:00,34,12887,"CC: CLD2 code khm, share of all pages in the crawl (unknown-language pages stay in the denominator). Wikipedia: km.wikipedia.org articles via siteinfo API, cross-checked against Meta List of Wikipedias."
lo,Lao,2,low,low,2,yes,0.005471,CC-MAIN-2026-39,lao,118794,0.003881,CC-MAIN-2025-13,low,5637,2026-10-05T14:21:38+00:00,30,5637,"CC: CLD2 code lao, share of all pages in the crawl (unknown-language pages stay in the denominator). Wikipedia: lo.wikipedia.org articles via siteinfo API, cross-checked against Meta List of Wikipedias."
my,Burmese,1,low,low,1,yes,0.016511,CC-MAIN-2026-39,mya,358493,0.014848,CC-MAIN-2025-13,low,112615,2026-10-05T14:21:39+00:00,7,112617,"CC: CLD2 code mya, share of all pages in the crawl (unknown-language pages stay in the denominator). Wikipedia: my.wikipedia.org articles via siteinfo API, cross-checked against Meta List of Wikipedias."
jv,Javanese,1,low,low,1,yes,0.003236,CC-MAIN-2026-39,jav,70266,0.002275,CC-MAIN-2025-13,low,75567,2026-10-05T14:21:40+00:00,20,75567,"CC: CLD2 code jav, share of all pages in the crawl (unknown-language pages stay in the denominator). Wikipedia: jv.wikipedia.org articles via siteinfo API, cross-checked against Meta List of Wikipedias."
su,Sundanese,1,low,low,1,yes,0.001642,CC-MAIN-2026-39,sun,35662,0.001190,CC-MAIN-2025-13,low,62973,2026-10-05T14:21:41+00:00,2,62973,"CC: CLD2 code sun, share of all pages in the crawl (unknown-language pages stay in the denominator). Wikipedia: su.wikipedia.org articles via siteinfo API, cross-checked against Meta List of Wikipedias."
ceb,Cebuano,3,mid,mid,3,yes,0.001573,CC-MAIN-2026-39,ceb,34163,0.001820,CC-MAIN-2025-13,low,6115881,2026-10-05T14:21:41+00:00,2,6115881,"CC: CLD2 code ceb, share of all pages in the crawl (unknown-language pages stay in the denominator). Wikipedia: ceb.wikipedia.org articles via siteinfo API, cross-checked against Meta List of Wikipedias. Wikipedia article count is not comparable to other editions: Meta list depth is 2 and active users are in the low hundreds against about 6.1 million articles. Treat as an outlier on this column."
sw,Swahili,2,low,low,2,yes,0.010885,CC-MAIN-2026-39,swa,236348,0.009507,CC-MAIN-2025-13,low,129671,2026-10-05T14:21:42+00:00,4,129662,"CC: CLD2 code swa, share of all pages in the crawl (unknown-language pages stay in the denominator). Wikipedia: sw.wikipedia.org articles via siteinfo API, cross-checked against Meta List of Wikipedias."
am,Amharic,2,low,low,2,yes,0.004568,CC-MAIN-2026-39,amh,99183,0.003337,CC-MAIN-2025-13,low,15733,2026-10-05T14:21:43+00:00,32,15733,"CC: CLD2 code amh, share of all pages in the crawl (unknown-language pages stay in the denominator). Wikipedia: am.wikipedia.org articles via siteinfo API, cross-checked against Meta List of Wikipedias."
ha,Hausa,2,low,low,2,yes,0.003004,CC-MAIN-2026-39,hau,65232,0.003163,CC-MAIN-2025-13,low,120283,2026-10-05T14:21:44+00:00,0,120272,"CC: CLD2 code hau, share of all pages in the crawl (unknown-language pages stay in the denominator). Wikipedia: ha.wikipedia.org articles via siteinfo API, cross-checked against Meta List of Wikipedias."
yo,Yoruba,2,low,low,2,yes,0.001699,CC-MAIN-2026-39,yor,36897,0.000803,CC-MAIN-2025-13,low,41354,2026-10-05T14:21:45+00:00,3,41354,"CC: CLD2 code yor, share of all pages in the crawl (unknown-language pages stay in the denominator). Wikipedia: yo.wikipedia.org articles via siteinfo API, cross-checked against Meta List of Wikipedias."
ig,Igbo,1,low,low,1,yes,0.001267,CC-MAIN-2026-39,ibo,27519,0.000643,CC-MAIN-2025-13,low,48786,2026-10-05T14:21:46+00:00,1,48786,"CC: CLD2 code ibo, share of all pages in the crawl (unknown-language pages stay in the denominator). Wikipedia: ig.wikipedia.org articles via siteinfo API, cross-checked against Meta List of Wikipedias."
zu,Zulu,2,low,low,2,yes,0.001814,CC-MAIN-2026-39,zul,39380,0.001117,CC-MAIN-2025-13,low,12909,2026-10-05T14:21:47+00:00,6,12909,"CC: CLD2 code zul, share of all pages in the crawl (unknown-language pages stay in the denominator). Wikipedia: zu.wikipedia.org articles via siteinfo API, cross-checked against Meta List of Wikipedias."
xh,Xhosa,2,low,low,2,yes,0.001054,CC-MAIN-2026-39,xho,22881,0.000720,CC-MAIN-2025-13,low,2592,2026-10-05T14:21:47+00:00,11,2592,"CC: CLD2 code xho, share of all pages in the crawl (unknown-language pages stay in the denominator). Wikipedia: xh.wikipedia.org articles via siteinfo API, cross-checked against Meta List of Wikipedias. Very small Wikipedia; CC share is tiny and CLD2 accuracy on very rare languages is not validated here."
so,Somali,1,low,low,1,yes,0.005640,CC-MAIN-2026-39,som,122451,0.004849,CC-MAIN-2025-13,low,14153,2026-10-05T14:21:48+00:00,22,14153,"CC: CLD2 code som, share of all pages in the crawl (unknown-language pages stay in the denominator). Wikipedia: so.wikipedia.org articles via siteinfo API, cross-checked against Meta List of Wikipedias."
sn,Shona,1,low,low,1,yes,0.001067,CC-MAIN-2026-39,sna,23164,0.000686,CC-MAIN-2025-13,low,11838,2026-10-05T14:21:49+00:00,3,11838,"CC: CLD2 code sna, share of all pages in the crawl (unknown-language pages stay in the denominator). Wikipedia: sn.wikipedia.org articles via siteinfo API, cross-checked against Meta List of Wikipedias."
rw,Kinyarwanda,1,low,low,1,yes,0.002910,CC-MAIN-2026-39,kin,63177,0.002293,CC-MAIN-2025-13,low,10133,2026-10-05T14:21:50+00:00,6,10132,"CC: CLD2 code kin, share of all pages in the crawl (unknown-language pages stay in the denominator). Wikipedia: rw.wikipedia.org articles via siteinfo API, cross-checked against Meta List of Wikipedias."
ny,Chichewa,1,low,low,1,yes,0.000869,CC-MAIN-2026-39,nya,18872,0.000497,CC-MAIN-2025-13,low,1150,2026-10-05T14:21:51+00:00,126,1150,"CC: CLD2 code nya, share of all pages in the crawl (unknown-language pages stay in the denominator). Wikipedia: ny.wikipedia.org articles via siteinfo API, cross-checked against Meta List of Wikipedias. Smallest Wikipedia in the catalog; counts are very small and noisy as a resource proxy."
af,Afrikaans,3,mid,mid,3,yes,0.007876,CC-MAIN-2026-39,afr,171020,0.009533,CC-MAIN-2025-13,low,131248,2026-10-05T14:21:51+00:00,38,131247,"CC: CLD2 code afr, share of all pages in the crawl (unknown-language pages stay in the denominator). Wikipedia: af.wikipedia.org articles via siteinfo API, cross-checked against Meta List of Wikipedias."
ht,Haitian Creole,2,low,low,0/2,ambiguous (catalog value present),0.002709,CC-MAIN-2026-39,hat,58812,0.001868,CC-MAIN-2025-13,low,72104,2026-10-05T14:21:52+00:00,0,72104,"CC: CLD2 code hat, share of all pages in the crawl (unknown-language pages stay in the denominator). Wikipedia: ht.wikipedia.org articles via siteinfo API, cross-checked against Meta List of Wikipedias. lang2tax.txt has both Haitian (2) and Haitian Creole (0); catalog uses 2. Tier is low either way."
